courseNumber,courseName,title,description,professor,time,aSeats,subject,term, isadded,fulldetails
CIS 566,Software Architecture and Design patterns,Software Architecture and Design patterns,The course covers the basic of software architecture and design concept,Dr. Zhiwei Xu (Tommy),W-T 6:00PM-9:00PM,30,Information Sys Engineering,winter 2020,FALSE,<ul><li>Course: 577</li><li>Section: 001</li><li>Hours: 3</li><li>CRN: 20957</li><li>Term: W 2020</li><li>Instructor: Sang-Hwan; Kim</li><li>Meeting Time: TH 6:00-8:45 PM</li><li>Status: Open</li><li>Prerequisites?: No</li></ul>
CIS 577, S/W User Interface Design and Analysis,S/W User Interface Design and Analysis, The course introduces the current theory and techniques for design,Dr. Sang-Hwan Kim,Thu 6:00PM-9:00PM,30,Information Sys Engineering, summer 2020,FALSE,<ul><li>Course: 577</li><li>Section: 001</li><li>Hours: 3</li><li>CRN: 20957</li><li>Term: W 2020</li><li>Instructor: Sang-Hwan; Kim</li><li>Meeting Time: TH 6:00-8:45 PM</li><li>Status: Open</li><li>Prerequisites?: No</li></ul>
CIS 436,Computer Literacy/Info Mgmt,Computer Literacy/Info Mgmt, Computer & Information Science basics and  computer literacy,Neji Sana,W-T 6:00PM-9:00PM,30,Information Sys Engineering, fall 2020,FALSE,<p>Course: 577</p><pSection: 001</p><p<Hours: 3</p><p<CRN: 20957</p><p>Term: W 2020</p><p>Instructor: Sang-Hwan; Kim</p><p>Meeting Time: TH 6:00-8:45 PM</p><p>Status: Open</p><p>Prerequisites?: No</p>
CIS 427,Comp Networks and Dis Process,Comp Networks and Dis Process, We will cover the basics of computer networking and processes,Abou-Nasr Mahmoud,W-T 6:00PM-9:00PM,30,Information Sys Engineering, fall 2020,true,<p>Course: 577</p><pSection: 001</p><p<Hours: 3</p><p<CRN: 20957</p><p>Term: W 2020</p><p>Instructor: Sang-Hwan; Kim</p><p>Meeting Time: TH 6:00-8:45 PM</p><p>Status: Open</p><p>Prerequisites?: No</p>
CIS 436,Mobile App Des & Impl,Mobile App Des & Impl, Introduction to mobile development using iOS and Android platforms,Baugh John,W-T 6:00PM-9:00PM,30,Information Sys Engineering, winter 2020,FALSE,<p>Course: 577</p><pSection: 001</p><p<Hours: 3</p><p<CRN: 20957</p><p>Term: W 2020</p><p>Instructor: Sang-Hwan; Kim</p><p>Meeting Time: TH 6:00-8:45 PM</p><p>Status: Open</p><p>Prerequisites?: No</p>
CIS 566,Software Architecture and Design patterns,Software Architecture and Design patterns,The course covers the basic of software architecture and design concept,Dr. Zhiwei Xu (Tommy),W-T 6:00PM-9:00PM,30,Indus & Manifac Sys ENg,winter 2020,FALSE,<ul><li>Course: 577</li><li>Section: 001</li><li>Hours: 3</li><li>CRN: 20957</li><li>Term: W 2020</li><li>Instructor: Sang-Hwan; Kim</li><li>Meeting Time: TH 6:00-8:45 PM</li><li>Status: Open</li><li>Prerequisites?: No</li></ul>
ACC 381,Accounting Info Sys Lab,Accounting Info Sys Lab,ACC 381 is a lab component of ACC 380. Students will complete weekly laboratory assignments to reinf,Kobelsky  Kevin,Monday,30,Accounting,Summer 2020,FALSE,"<ul><li>Course: 577</li><li>Section: 001</li><li>Hours: 3</li><li>CRN: 20957</li><li>Term: W 2020</li><li>Instructor: Sang-Hwan; Kim</li><li>Meeting Time: TH 6:00-8:45 PM</li><li>Status: Open</li><li>Prerequisites?: No</li></ul>"
ACC 380,Accounting Information Systems,Accounting Information Systems,To study the concepts  theory  organization and application of accounting information systems and t,Kobelsky  Kevin,Tuesday,30,Accounting,Summer 2020,FALSE,"<ul><li>Course: 577</li><li>Section: 001</li><li>Hours: 3</li><li>CRN: 20957</li><li>Term: W 2020</li><li>Instructor: Sang-Hwan; Kim</li><li>Meeting Time: TH 6:00-8:45 PM</li><li>Status: Open</li><li>Prerequisites?: No</li></ul>"
ACC 417,Adv Financial Accounting 2,Adv Financial Accounting 2,This course is intended to help students gain expertise in preparing financial statements for comple,Graybeal  Patricia,Wednesday,30,Accounting,Summer 2020,FALSE,"<ul><li>Course: 577</li><li>Section: 001</li><li>Hours: 3</li><li>CRN: 20957</li><li>Term: W 2020</li><li>Instructor: Sang-Hwan; Kim</li><li>Meeting Time: TH 6:00-8:45 PM</li><li>Status: Open</li><li>Prerequisites?: No</li></ul>
"
CHEM 452,Adv Inorg Synth & Char Lab,Adv Inorg Synth & Char Lab,Concepts and techniques from previous laboratory courses as well as advanced techniques are applied,Smith  Sheila,Thursday,30,Chemistry,Summer 2020,FALSE,"<ul><li>Course: 577</li><li>Section: 001</li><li>Hours: 3</li><li>CRN: 20957</li><li>Term: W 2020</li><li>Instructor: Sang-Hwan; Kim</li><li>Meeting Time: TH 6:00-8:45 PM</li><li>Status: Open</li><li>Prerequisites?: No</li></ul>
"
CHEM 450,Adv Org Syn & Character Lab,Adv Org Syn & Character Lab,Concepts and techniques from previous laboratory courses as well as advanced techniques are applied,Marincean  Simona,Friday,30,Chemistry,Summer 2020,FALSE,"<ul><li>Course: 577</li><li>Section: 001</li><li>Hours: 3</li><li>CRN: 20957</li><li>Term: W 2020</li><li>Instructor: Sang-Hwan; Kim</li><li>Meeting Time: TH 6:00-8:45 PM</li><li>Status: Open</li><li>Prerequisites?: No</li></ul>
"
ACC 614,Advanced Accounting II,Advanced Accounting II,This course is intended to help students gain expertise in preparing financial statements for comple,Graybeal  Patricia,Monday,30,Accounting,Summer 2020,FALSE,"<ul><li>Course: 577</li><li>Section: 001</li><li>Hours: 3</li><li>CRN: 20957</li><li>Term: W 2020</li><li>Instructor: Sang-Hwan; Kim</li><li>Meeting Time: TH 6:00-8:45 PM</li><li>Status: Open</li><li>Prerequisites?: No</li></ul>
"
DSCI 302,Advanced Business Statistics,Advanced Business Statistics,Full Title: Advanced Business Statistics using Excel The continuance of DS301: an introduction to th,Statt  Anne-Louise,Tuesday,30,Decision Sciences,Summer 2020,FALSE,"<ul><li>Course: 577</li><li>Section: 001</li><li>Hours: 3</li><li>CRN: 20957</li><li>Term: W 2020</li><li>Instructor: Sang-Hwan; Kim</li><li>Meeting Time: TH 6:00-8:45 PM</li><li>Status: Open</li><li>Prerequisites?: No</li></ul>
"
DSCI 635,Analytics Experience Capstone,Analytics Experience Capstone,The purpose of this course is to provide students with an experience that allows them to demonstrate,Chandra  Charu,Wednesday,30,Decision Sciences,Summer 2020,FALSE,"<ul><li>Course: 577</li><li>Section: 001</li><li>Hours: 3</li><li>CRN: 20957</li><li>Term: W 2020</li><li>Instructor: Sang-Hwan; Kim</li><li>Meeting Time: TH 6:00-8:45 PM</li><li>Status: Open</li><li>Prerequisites?: No</li></ul>
"
DSCI 630,Applied Forecasting,Applied Forecasting,This course explores various quantitative modeling methods used in forecasting. Topics include: mov,Liu  Jason,Thursday,30,Decision Sciences,Summer 2020,FALSE,"<ul><li>Course: 577</li><li>Section: 001</li><li>Hours: 3</li><li>CRN: 20957</li><li>Term: W 2020</li><li>Instructor: Sang-Hwan; Kim</li><li>Meeting Time: TH 6:00-8:45 PM</li><li>Status: Open</li><li>Prerequisites?: No</li></ul>
"
IMSE 440,Applied stat models in engin,Applied stat models in engin,Full Course Title: Applied statistical models in engineering The course provides students with cons,Feng  Fred,Friday,30,Indust & Manufac Sys Engin,Summer 2020,FALSE,"<ul><li>Course: 577</li><li>Section: 001</li><li>Hours: 3</li><li>CRN: 20957</li><li>Term: W 2020</li><li>Instructor: Sang-Hwan; Kim</li><li>Meeting Time: TH 6:00-8:45 PM</li><li>Status: Open</li><li>Prerequisites?: No</li></ul>
"
DSCI 520,Applied Statistical Modeling,Applied Statistical Modeling,This course explores statistical modeling and analysis techniques for aiding managerial decision mak,Su  Hung-Chung,Monday,30,Decision Sciences,Summer 2020,FALSE,"<ul><li>Course: 577</li><li>Section: 001</li><li>Hours: 3</li><li>CRN: 20957</li><li>Term: W 2020</li><li>Instructor: Sang-Hwan; Kim</li><li>Meeting Time: TH 6:00-8:45 PM</li><li>Status: Open</li><li>Prerequisites?: No</li></ul>
"
DSCI 520,Applied Statistical Modeling,Applied Statistical Modeling,This course explores statistical modeling and analysis techniques for aiding managerial decision mak,Kaufman  David,Tuesday,30,Decision Sciences,Summer 2020,FALSE,"<ul><li>Course: 577</li><li>Section: 001</li><li>Hours: 3</li><li>CRN: 20957</li><li>Term: W 2020</li><li>Instructor: Sang-Hwan; Kim</li><li>Meeting Time: TH 6:00-8:45 PM</li><li>Status: Open</li><li>Prerequisites?: No</li></ul>
"
ACC 457,Auditing,Auditing,To introduce students to the audit profession  process  and practice. Topics include general auditin,Jin  Shunyao,Wednesday,30,Accounting,Summer 2020,FALSE,"<ul><li>Course: 577</li><li>Section: 001</li><li>Hours: 3</li><li>CRN: 20957</li><li>Term: W 2020</li><li>Instructor: Sang-Hwan; Kim</li><li>Meeting Time: TH 6:00-8:45 PM</li><li>Status: Open</li><li>Prerequisites?: No</li></ul>
"
ACC 557,Auditing,Auditing,To study generally accepted auditing standards  internal control  principal audit objectives  the st,Jin  Shunyao,Thursday,30,Accounting,Summer 2020,FALSE,"<ul><li>Course: 577</li><li>Section: 001</li><li>Hours: 3</li><li>CRN: 20957</li><li>Term: W 2020</li><li>Instructor: Sang-Hwan; Kim</li><li>Meeting Time: TH 6:00-8:45 PM</li><li>Status: Open</li><li>Prerequisites?: No</li></ul>
"
ECON 438,Beh Econ for Business & Policy,Beh Econ for Business & Policy,This course is a reading intensive seminar on behavioral economics  which is the combination of psyc,Czap  Natalia,Friday,30,Economics,Summer 2020,FALSE,"<ul><li>Course: 577</li><li>Section: 001</li><li>Hours: 3</li><li>CRN: 20957</li><li>Term: W 2020</li><li>Instructor: Sang-Hwan; Kim</li><li>Meeting Time: TH 6:00-8:45 PM</li><li>Status: Open</li><li>Prerequisites?: No</li></ul>
"
ECON 538,Beh Econ for Business & Policy,Beh Econ for Business & Policy,This course is a reading intensive seminar on behavioral economics  which is the combination of psyc,Czap  Natalia,Monday,30,Economics,Summer 2020,FALSE,"<ul><li>Course: 577</li><li>Section: 001</li><li>Hours: 3</li><li>CRN: 20957</li><li>Term: W 2020</li><li>Instructor: Sang-Hwan; Kim</li><li>Meeting Time: TH 6:00-8:45 PM</li><li>Status: Open</li><li>Prerequisites?: No</li></ul>
"
CHEM 471,Biochemistry II,Biochemistry II,Intermediary metabolism  bioenergetics  energy transformation  metabolic interrelationships  bioche,Pricer  Rachel,Tuesday,30,Chemistry,Summer 2020,FALSE,"<ul><li>Course: 577</li><li>Section: 001</li><li>Hours: 3</li><li>CRN: 20957</li><li>Term: W 2020</li><li>Instructor: Sang-Hwan; Kim</li><li>Meeting Time: TH 6:00-8:45 PM</li><li>Status: Open</li><li>Prerequisites?: No</li></ul>
"
CHEM 473,Biochemistry Laboratory II,Biochemistry Laboratory II,The techniques of preparative and analytical biochemistry. Preparation and characterization of lipi,Pricer  Rachel,Wednesday,30,Chemistry,Full 2020,FALSE,"<ul><li>Course: 577</li><li>Section: 001</li><li>Hours: 3</li><li>CRN: 20957</li><li>Term: W 2020</li><li>Instructor: Sang-Hwan; Kim</li><li>Meeting Time: TH 6:00-8:45 PM</li><li>Status: Open</li><li>Prerequisites?: No</li></ul>
"
BUSS 300,Career Planning & Develop,Career Planning & Develop,This course focuses on providing students with the necessary skills to achieve their career goals. T,Wheeler  Tuere,Thursday,30,Business Administration,Full 2020,FALSE,"<ul><li>Course: 577</li><li>Section: 001</li><li>Hours: 3</li><li>CRN: 20957</li><li>Term: W 2020</li><li>Instructor: Sang-Hwan; Kim</li><li>Meeting Time: TH 6:00-8:45 PM</li><li>Status: Open</li><li>Prerequisites?: No</li></ul>
"
BUSS 300,Career Planning & Develop,Career Planning & Develop,This course focuses on providing students with the necessary skills to achieve their career goals. T,Harb  Farah,Friday,30,Business Administration,Full 2020,FALSE,"<ul><li>Course: 577</li><li>Section: 001</li><li>Hours: 3</li><li>CRN: 20957</li><li>Term: W 2020</li><li>Instructor: Sang-Hwan; Kim</li><li>Meeting Time: TH 6:00-8:45 PM</li><li>Status: Open</li><li>Prerequisites?: No</li></ul>
"
BUSS 300,Career Planning & Develop,Career Planning & Develop,This course focuses on providing students with the necessary skills to achieve their career goals. T,Agius  Rita,Monday,30,Business Administration,Full 2020,FALSE,"<ul><li>Course: 577</li><li>Section: 001</li><li>Hours: 3</li><li>CRN: 20957</li><li>Term: W 2020</li><li>Instructor: Sang-Hwan; Kim</li><li>Meeting Time: TH 6:00-8:45 PM</li><li>Status: Open</li><li>Prerequisites?: No</li></ul>
"
CHEM 100,Chemistry and Society,Chemistry and Society,An introductory course for nonscientists that examines the way chemistry impacts our world. The cou,Bazzi  Judith,Tuesday,30,Chemistry,Full 2020,FALSE,"<ul><li>Course: 577</li><li>Section: 001</li><li>Hours: 3</li><li>CRN: 20957</li><li>Term: W 2020</li><li>Instructor: Sang-Hwan; Kim</li><li>Meeting Time: TH 6:00-8:45 PM</li><li>Status: Open</li><li>Prerequisites?: No</li></ul>
"
CHEM 100,Chemistry and Society,Chemistry and Society,An introductory course for nonscientists that examines the way chemistry impacts our world. The cou,Chehade  Abdallah,Wednesday,30,Chemistry,Full 2020,FALSE,"<ul><li>Course: 577</li><li>Section: 001</li><li>Hours: 3</li><li>CRN: 20957</li><li>Term: W 2020</li><li>Instructor: Sang-Hwan; Kim</li><li>Meeting Time: TH 6:00-8:45 PM</li><li>Status: Open</li><li>Prerequisites?: No</li></ul>
"
CHEM 493,Chemistry Capstone Portfolio,Chemistry Capstone Portfolio,Employment or graduate studies in chemistry involve integration of experiences and knowledge from o,Smith  Sheila,Thursday,30,Chemistry,Full 2020,FALSE,"<ul><li>Course: 577</li><li>Section: 001</li><li>Hours: 3</li><li>CRN: 20957</li><li>Term: W 2020</li><li>Instructor: Sang-Hwan; Kim</li><li>Meeting Time: TH 6:00-8:45 PM</li><li>Status: Open</li><li>Prerequisites?: No</li></ul>
"
BUSS 100,College of Business Foundation,College of Business Foundation,Business Foundations provides an introduction to a variety of topics critical to student success. T,Samfilippo  Chris,Friday,30,Business Administration,Full 2020,FALSE,"<ul><li>Course: 577</li><li>Section: 001</li><li>Hours: 3</li><li>CRN: 20957</li><li>Term: W 2020</li><li>Instructor: Sang-Hwan; Kim</li><li>Meeting Time: TH 6:00-8:45 PM</li><li>Status: Open</li><li>Prerequisites?: No</li></ul>
"
BUSS 400,Corporate Responsibility,Corporate Responsibility,The focus of this writing intensive interdisciplinary course will be on examining the responsibility,VanHemert  Michael,Monday,30,Business Administration,Full 2020,FALSE,"<ul><li>Course: 577</li><li>Section: 001</li><li>Hours: 3</li><li>CRN: 20957</li><li>Term: W 2020</li><li>Instructor: Sang-Hwan; Kim</li><li>Meeting Time: TH 6:00-8:45 PM</li><li>Status: Open</li><li>Prerequisites?: No</li></ul>
"
ACC 355,Cost Accounting and Analysis,Cost Accounting and Analysis,To study the development  analysis and interpretation of accounting information for planning and co,Hayes  Matthew,Tuesday,30,Accounting,Full 2020,FALSE,"<ul><li>Course: 577</li><li>Section: 001</li><li>Hours: 3</li><li>CRN: 20957</li><li>Term: W 2020</li><li>Instructor: Sang-Hwan; Kim</li><li>Meeting Time: TH 6:00-8:45 PM</li><li>Status: Open</li><li>Prerequisites?: No</li></ul>
"
ACC 555,Cost Management,Cost Management,To introduce how cost and managerial accounting concepts and techniques can be applied to fully uti,Hayes  Matthew,Wednesday,30,Accounting,Full 2020,FALSE,"<ul><li>Course: 577</li><li>Section: 001</li><li>Hours: 3</li><li>CRN: 20957</li><li>Term: W 2020</li><li>Instructor: Sang-Hwan; Kim</li><li>Meeting Time: TH 6:00-8:45 PM</li><li>Status: Open</li><li>Prerequisites?: No</li></ul>
"
DSCI 310,Data Mining for Bus Intel,Data Mining for Bus Intel,Data Mining offers a suite of analytical techniques to examine large sets of data in order to discov,Kaufman  David,Thursday,30,Decision Sciences,Full 2020,FALSE,"<ul><li>Course: 577</li><li>Section: 001</li><li>Hours: 3</li><li>CRN: 20957</li><li>Term: W 2020</li><li>Instructor: Sang-Hwan; Kim</li><li>Meeting Time: TH 6:00-8:45 PM</li><li>Status: Open</li><li>Prerequisites?: No</li></ul>
"
DSCI 633,Data Mining for Business Appl,Data Mining for Business Appl,The purpose of this course is to provide students with both quantitative and qualitative exposure to,Kaufman  David,Friday,30,Decision Sciences,Full 2020,FALSE,"<ul><li>Course: 577</li><li>Section: 001</li><li>Hours: 3</li><li>CRN: 20957</li><li>Term: W 2020</li><li>Instructor: Sang-Hwan; Kim</li><li>Meeting Time: TH 6:00-8:45 PM</li><li>Status: Open</li><li>Prerequisites?: No</li></ul>
"
IMSE 351,Data Struc & Algorithm Anlysis,Data Struc & Algorithm Anlysis,Object-oriented design  programming  and analysis techniques review; structured programming concept,Steiner  Thomas,Monday,30,Indust & Manufac Sys Engin,Full 2020,FALSE,"<ul><li>Course: 577</li><li>Section: 001</li><li>Hours: 3</li><li>CRN: 20957</li><li>Term: W 2020</li><li>Instructor: Sang-Hwan; Kim</li><li>Meeting Time: TH 6:00-8:45 PM</li><li>Status: Open</li><li>Prerequisites?: No</li></ul>
"
IMSE 350,Data Structures,Data Structures,This course focuses on data design and algorithm designs. Data design topics include object-oriente,Ortiz  Luis,Tuesday,30,Indust & Manufac Sys Engin,Winter 2020,FALSE,"<ul><li>Course: 577</li><li>Section: 001</li><li>Hours: 3</li><li>CRN: 20957</li><li>Term: W 2020</li><li>Instructor: Sang-Hwan; Kim</li><li>Meeting Time: TH 6:00-8:45 PM</li><li>Status: Open</li><li>Prerequisites?: No</li></ul>
"
IMSE 556,Database Systems,Database Systems,Data structures and file processing; GUIDE and CODASYL reports; comparisons among the database mana,Capatina  Bogdan,Wednesday,30,Indust & Manufac Sys Engin,Winter 2020,FALSE,"<ul><li>Course: 577</li><li>Section: 001</li><li>Hours: 3</li><li>CRN: 20957</li><li>Term: W 2020</li><li>Instructor: Sang-Hwan; Kim</li><li>Meeting Time: TH 6:00-8:45 PM</li><li>Status: Open</li><li>Prerequisites?: No</li></ul>
"
DSCI 631,Decision Analysis,Decision Analysis,This course entails study of analytic techniques for rational decision making that address uncertain,Fu  Wayne,Thursday,30,Decision Sciences,Winter 2020,FALSE,"<ul><li>Course: 577</li><li>Section: 001</li><li>Hours: 3</li><li>CRN: 20957</li><li>Term: W 2020</li><li>Instructor: Sang-Hwan; Kim</li><li>Meeting Time: TH 6:00-8:45 PM</li><li>Status: Open</li><li>Prerequisites?: No</li></ul>
"
IMSE 511,Design and Analysis of Exp,Design and Analysis of Exp,One factor  two factor  and multifactor experiments. Fixed random and mixed models. Blocked confou,Hu  Zhen,Friday,30,Indust & Manufac Sys Engin,Winter 2020,FALSE,"<ul><li>Course: 577</li><li>Section: 001</li><li>Hours: 3</li><li>CRN: 20957</li><li>Term: W 2020</li><li>Instructor: Sang-Hwan; Kim</li><li>Meeting Time: TH 6:00-8:45 PM</li><li>Status: Open</li><li>Prerequisites?: No</li></ul>
"
IMSE 4951,Design Project I,Design Project I,Design of a system to produce or service using knowledge gained in previous courses in the program.,Kachhal  Swatantra,Monday,30,Indust & Manufac Sys Engin,Winter 2020,FALSE,"<ul><li>Course: 577</li><li>Section: 001</li><li>Hours: 3</li><li>CRN: 20957</li><li>Term: W 2020</li><li>Instructor: Sang-Hwan; Kim</li><li>Meeting Time: TH 6:00-8:45 PM</li><li>Status: Open</li><li>Prerequisites?: No</li></ul>
"
IMSE 4952,Design Project II,Design Project II,Design of a system to produce or service using the knowledge gained in previous courses in the progr,Kachhal  Swatantra,Tuesday,30,Indust & Manufac Sys Engin,Winter 2020,FALSE,"<ul><li>Course: 577</li><li>Section: 001</li><li>Hours: 3</li><li>CRN: 20957</li><li>Term: W 2020</li><li>Instructor: Sang-Hwan; Kim</li><li>Meeting Time: TH 6:00-8:45 PM</li><li>Status: Open</li><li>Prerequisites?: No</li></ul>
"
IMSE 4953,Design Project in Mfge,Design Project in Mfge,Design of a manufacturing system to produce product using the knowledge gained in previous courses i,Kachhal  Swatantra,Wednesday,30,Indust & Manufac Sys Engin,Winter 2020,FALSE,"<ul><li>Course: 577</li><li>Section: 001</li><li>Hours: 3</li><li>CRN: 20957</li><li>Term: W 2020</li><li>Instructor: Sang-Hwan; Kim</li><li>Meeting Time: TH 6:00-8:45 PM</li><li>Status: Open</li><li>Prerequisites?: No</li></ul>
"
ACC 505,Devel & Interp Financial Info,Devel & Interp Financial Info,Students learn how financial information is developed  interpreted and utilized in business. This is,Green  Brian,Thursday,30,Accounting,Winter 2020,FALSE,"<ul><li>Course: 577</li><li>Section: 001</li><li>Hours: 3</li><li>CRN: 20957</li><li>Term: W 2020</li><li>Instructor: Sang-Hwan; Kim</li><li>Meeting Time: TH 6:00-8:45 PM</li><li>Status: Open</li><li>Prerequisites?: No</li></ul>
"
ECON 499,Directed Research,Directed Research,Independent study under the direction of a faculty supervisor in advanced topic areas. Normally mus,Chandra  Charu,Friday,30,Economics,Winter 2020,FALSE,"<ul><li>Course: 577</li><li>Section: 001</li><li>Hours: 3</li><li>CRN: 20957</li><li>Term: W 2020</li><li>Instructor: Sang-Hwan; Kim</li><li>Meeting Time: TH 6:00-8:45 PM</li><li>Status: Open</li><li>Prerequisites?: No</li></ul>
"
IMSE 491,Directed Studies in IMSE,Directed Studies in IMSE,Group study of contemporary topics in industrial and systems engineering and general systems design,Zakarian  Armen,Monday,30,Indust & Manufac Sys Engin,Winter 2020,FALSE,"<ul><li>Course: 577</li><li>Section: 001</li><li>Hours: 3</li><li>CRN: 20957</li><li>Term: W 2020</li><li>Instructor: Sang-Hwan; Kim</li><li>Meeting Time: TH 6:00-8:45 PM</li><li>Status: Open</li><li>Prerequisites?: No</li></ul>
"
AMSE 990,Doctoral Dissertation,Doctoral Dissertation,Dissertation work by a Ph.D. student who has been admitted to the candidacy status. The student must,Chandra  Charu,Tuesday,30,Automotive Systems Engineering,Winter 2020,FALSE,"<ul><li>Course: 577</li><li>Section: 001</li><li>Hours: 3</li><li>CRN: 20957</li><li>Term: W 2020</li><li>Instructor: Sang-Hwan; Kim</li><li>Meeting Time: TH 6:00-8:45 PM</li><li>Status: Open</li><li>Prerequisites?: No</li></ul>
"
AMSE 798,Doctoral Seminar,Doctoral Seminar,After attaining candidacy every Ph.D. student is required to attend and actively participate in semi,Capatina  Bogdan,Wednesday,30,Automotive Systems Engineering,Winter 2020,FALSE,"<ul><li>Course: 577</li><li>Section: 001</li><li>Hours: 3</li><li>CRN: 20957</li><li>Term: W 2020</li><li>Instructor: Sang-Hwan; Kim</li><li>Meeting Time: TH 6:00-8:45 PM</li><li>Status: Open</li><li>Prerequisites?: No</li></ul>
"
ECON 305,Economic Statistics,Economic Statistics,Introduction to the logic and use of statistical analysis  with emphasis on statistical inference.,Pietrykowski  Bruce,Thursday,30,Economics,Winter 2020,FALSE,"<ul><li>Course: 577</li><li>Section: 001</li><li>Hours: 3</li><li>CRN: 20957</li><li>Term: W 2020</li><li>Instructor: Sang-Hwan; Kim</li><li>Meeting Time: TH 6:00-8:45 PM</li><li>Status: Open</li><li>Prerequisites?: No</li></ul>
"
ECON 398,Economics Internship,Economics Internship,This internship affords the student the opportunity to apply tools learned in economics courses to r,Smith  Patricia,Friday,30,Economics,Winter 2020,FALSE,"<ul><li>Course: 577</li><li>Section: 001</li><li>Hours: 3</li><li>CRN: 20957</li><li>Term: W 2020</li><li>Instructor: Sang-Hwan; Kim</li><li>Meeting Time: TH 6:00-8:45 PM</li><li>Status: Open</li><li>Prerequisites?: No</li></ul>
"
IMSE 421,Eng Economy and Dec Anlys,Eng Economy and Dec Anlys,Study of the concepts involved in the analysis of engineering management decisions  both short and,Kridli  Ghassan,Monday,30,Indust & Manufac Sys Engin,Winter 2020,FALSE,"<ul><li>Course: 577</li><li>Section: 001</li><li>Hours: 3</li><li>CRN: 20957</li><li>Term: W 2020</li><li>Instructor: Sang-Hwan; Kim</li><li>Meeting Time: TH 6:00-8:45 PM</li><li>Status: Open</li><li>Prerequisites?: No</li></ul>
"
IMSE 317,Eng Probability and Statistics,Eng Probability and Statistics,Set theory  combinatorial analysis  probability and axioms  random variables  continuous and discret,Stepanyan  Gevorg,Tuesday,30,Indust & Manufac Sys Engin,Winter 2020,FALSE,"<ul><li>Course: 577</li><li>Section: 001</li><li>Hours: 3</li><li>CRN: 20957</li><li>Term: W 2020</li><li>Instructor: Sang-Hwan; Kim</li><li>Meeting Time: TH 6:00-8:45 PM</li><li>Status: Open</li><li>Prerequisites?: No</li></ul>
"
IMSE 317,Eng Probability and Statistics,Eng Probability and Statistics,Set theory  combinatorial analysis  probability and axioms  random variables  continuous and discret,Klungle  Roger,Wednesday,30,Indust & Manufac Sys Engin,Winter 2020,FALSE,"<ul><li>Course: 577</li><li>Section: 001</li><li>Hours: 3</li><li>CRN: 20957</li><li>Term: W 2020</li><li>Instructor: Sang-Hwan; Kim</li><li>Meeting Time: TH 6:00-8:45 PM</li><li>Status: Open</li><li>Prerequisites?: No</li></ul>
"
IMSE 317,Eng Probability and Statistics,Eng Probability and Statistics,Set theory  combinatorial analysis  probability and axioms  random variables  continuous and discret,Kasravi  Kas,Thursday,30,Indust & Manufac Sys Engin,Winter 2020,FALSE,"<ul><li>Course: 577</li><li>Section: 001</li><li>Hours: 3</li><li>CRN: 20957</li><li>Term: W 2020</li><li>Instructor: Sang-Hwan; Kim</li><li>Meeting Time: TH 6:00-8:45 PM</li><li>Status: Open</li><li>Prerequisites?: No</li></ul>
"
IMSE 317,Eng Probability and Statistics,Eng Probability and Statistics,Set theory  combinatorial analysis  probability and axioms  random variables  continuous and discret,Bayram  Armagan,Friday,30,Indust & Manufac Sys Engin,Winter 2020,FALSE,"<ul><li>Course: 577</li><li>Section: 001</li><li>Hours: 3</li><li>CRN: 20957</li><li>Term: W 2020</li><li>Instructor: Sang-Hwan; Kim</li><li>Meeting Time: TH 6:00-8:45 PM</li><li>Status: Open</li><li>Prerequisites?: No</li></ul>
"
IMSE 570,Enterprise Information Systems,Enterprise Information Systems,The purpose of this course is to provide a foundation for the analysis  design and implementation of,Fisk  Alan,Monday,30,Indust & Manufac Sys Engin,Winter 2020,FALSE,"<ul><li>Course: 577</li><li>Section: 001</li><li>Hours: 3</li><li>CRN: 20957</li><li>Term: W 2020</li><li>Instructor: Sang-Hwan; Kim</li><li>Meeting Time: TH 6:00-8:45 PM</li><li>Status: Open</li><li>Prerequisites?: No</li></ul>"
CHEM 548,Environmental Chemistry,Environmental Chemistry,Advanced study of the concepts  principles  practices  and current problems in the chemistry of nat,Deng  Yiwei,Tuesday,30,Chemistry,Winter 2020,FALSE,"<ul><li>Course: 577</li><li>Section: 001</li><li>Hours: 3</li><li>CRN: 20957</li><li>Term: W 2020</li><li>Instructor: Sang-Hwan; Kim</li><li>Meeting Time: TH 6:00-8:45 PM</li><li>Status: Open</li><li>Prerequisites?: No</li></ul>
"
CHEM 348,Environmental Chemistry,Environmental Chemistry,Description of the concepts  principles  practices  and current problems in the chemistry of natura,Deng  Yiwei,Wednesday,30,Chemistry,Winter 2020,FALSE,"<ul><li>Course: 577</li><li>Section: 001</li><li>Hours: 3</li><li>CRN: 20957</li><li>Term: W 2020</li><li>Instructor: Sang-Hwan; Kim</li><li>Meeting Time: TH 6:00-8:45 PM</li><li>Status: Open</li><li>Prerequisites?: No</li></ul>
"
ECON 362,Eur and Intl Economic Hist,Eur and Intl Economic Hist,A survey of the processes of industrialization in the major non-American industrial economies  with,Anderson  Robert,Thursday,30,Economics,Summer 2020,FALSE,"<ul><li>Course: 577</li><li>Section: 001</li><li>Hours: 3</li><li>CRN: 20957</li><li>Term: W 2020</li><li>Instructor: Sang-Hwan; Kim</li><li>Meeting Time: TH 6:00-8:45 PM</li><li>Status: Open</li><li>Prerequisites?: No</li></ul>
"
IMSE 4745,Facilities Design,Facilities Design,Analysis  planning and design of physical facilities utilizing research  engineering and economic pr,Bayram  Armagan,Friday,30,Indust & Manufac Sys Engin,Summer 2020,FALSE,"<ul><li>Course: 577</li><li>Section: 001</li><li>Hours: 3</li><li>CRN: 20957</li><li>Term: W 2020</li><li>Instructor: Sang-Hwan; Kim</li><li>Meeting Time: TH 6:00-8:45 PM</li><li>Status: Open</li><li>Prerequisites?: No</li></ul>
"
ACC 360,Federal Income Taxation,Federal Income Taxation,To acquaint the student with the federal income tax  tax research  tax planning  and application of,Killey  Michael,Monday,30,Accounting,Summer 2020,FALSE,"<ul><li>Course: 577</li><li>Section: 001</li><li>Hours: 3</li><li>CRN: 20957</li><li>Term: W 2020</li><li>Instructor: Sang-Hwan; Kim</li><li>Meeting Time: TH 6:00-8:45 PM</li><li>Status: Open</li><li>Prerequisites?: No</li></ul>
"
ACC 298,Financial Accounting,Financial Accounting,The first course  of a two-course sequence  to introduce accounting concepts  principles  financial,Nazarko  Nevrus,Tuesday,30,Accounting,Summer 2020,FALSE,"<ul><li>Course: 577</li><li>Section: 001</li><li>Hours: 3</li><li>CRN: 20957</li><li>Term: W 2020</li><li>Instructor: Sang-Hwan; Kim</li><li>Meeting Time: TH 6:00-8:45 PM</li><li>Status: Open</li><li>Prerequisites?: No</li></ul>
"
ACC 298,Financial Accounting,Financial Accounting,The first course  of a two-course sequence  to introduce accounting concepts  principles  financial,Baker  Susan,Wednesday,30,Accounting,Summer 2020,FALSE,"<ul><li>Course: 577</li><li>Section: 001</li><li>Hours: 3</li><li>CRN: 20957</li><li>Term: W 2020</li><li>Instructor: Sang-Hwan; Kim</li><li>Meeting Time: TH 6:00-8:45 PM</li><li>Status: Open</li><li>Prerequisites?: No</li></ul>
"
ACC 608,Financial Statement Analysis,Financial Statement Analysis,The objective of financial statement analysis is to examine the relationship between financial state,Kent  Richard,Thursday,30,Accounting,Summer 2020,FALSE,"<ul><li>Course: 577</li><li>Section: 001</li><li>Hours: 3</li><li>CRN: 20957</li><li>Term: W 2020</li><li>Instructor: Sang-Hwan; Kim</li><li>Meeting Time: TH 6:00-8:45 PM</li><li>Status: Open</li><li>Prerequisites?: No</li></ul>
"
CHEM 134,General Chemistry IA,General Chemistry IA,An introduction to chemical phenomena and principles with an emphasis on developing both an understa,Stewart  Ogie,Friday,30,Chemistry,Winter 2020,FALSE,"<ul><li>Course: 577</li><li>Section: 001</li><li>Hours: 3</li><li>CRN: 20957</li><li>Term: W 2020</li><li>Instructor: Sang-Hwan; Kim</li><li>Meeting Time: TH 6:00-8:45 PM</li><li>Status: Open</li><li>Prerequisites?: No</li></ul>
"
CHEM 136,General Chemistry IIA,General Chemistry IIA,Continuation of CHEM 134. Concepts explored include conceptual and quantitative treatments of interm,Bazzi  Ali,Monday,30,Chemistry,Winter 2020,FALSE,"<ul><li>Course: 577</li><li>Section: 001</li><li>Hours: 3</li><li>CRN: 20957</li><li>Term: W 2020</li><li>Instructor: Sang-Hwan; Kim</li><li>Meeting Time: TH 6:00-8:45 PM</li><li>Status: Open</li><li>Prerequisites?: No</li></ul>
"
CHEM 136,General Chemistry IIA,General Chemistry IIA,Continuation of CHEM 134. Concepts explored include conceptual and quantitative treatments of interm,Bandyopadhyay  Krisnau,Tuesday,30,Chemistry,Winter 2020,FALSE,"<ul><li>Course: 577</li><li>Section: 001</li><li>Hours: 3</li><li>CRN: 20957</li><li>Term: W 2020</li><li>Instructor: Sang-Hwan; Kim</li><li>Meeting Time: TH 6:00-8:45 PM</li><li>Status: Open</li><li>Prerequisites?: No</li></ul>
"
CHEM 136,General Chemistry IIA,General Chemistry IIA,Continuation of CHEM 134. Concepts explored include conceptual and quantitative treatments of interm,Al-Qaisi  Samia,Wednesday,30,Chemistry,Winter 2020,FALSE,"<ul><li>Course: 577</li><li>Section: 001</li><li>Hours: 3</li><li>CRN: 20957</li><li>Term: W 2020</li><li>Instructor: Sang-Hwan; Kim</li><li>Meeting Time: TH 6:00-8:45 PM</li><li>Status: Open</li><li>Prerequisites?: No</li></ul>
"
CHEM 146,General Chemistry IIB,General Chemistry IIB,Continuation of CHEM 144. This course consists of an introduction to chemistry  its phenomena  and p,Donahue  Craig,Thursday,30,Chemistry,Winter 2020,FALSE,"<ul><li>Course: 577</li><li>Section: 001</li><li>Hours: 3</li><li>CRN: 20957</li><li>Term: W 2020</li><li>Instructor: Sang-Hwan; Kim</li><li>Meeting Time: TH 6:00-8:45 PM</li><li>Status: Open</li><li>Prerequisites?: No</li></ul>
"
IMSE 590,Grad Study in Sel Topics I,Grad Study in Sel Topics I,Individual or group of selected topics in industrial and systems engineering.,Bossio  Robert,Friday,30,Indust & Manufac Sys Engin,Winter 2020,FALSE,"<ul><li>Course: 577</li><li>Section: 001</li><li>Hours: 3</li><li>CRN: 20957</li><li>Term: W 2020</li><li>Instructor: Sang-Hwan; Kim</li><li>Meeting Time: TH 6:00-8:45 PM</li><li>Status: Open</li><li>Prerequisites?: No</li></ul>
"
IMSE 591,Grad Study in Sel Topics II,Grad Study in Sel Topics II,Continuation of IMSE 590.,Chen  Xi,Monday,30,Indust & Manufac Sys Engin,Winter 2020,FALSE,"<ul><li>Course: 577</li><li>Section: 001</li><li>Hours: 3</li><li>CRN: 20957</li><li>Term: W 2020</li><li>Instructor: Sang-Hwan; Kim</li><li>Meeting Time: TH 6:00-8:45 PM</li><li>Status: Open</li><li>Prerequisites?: No</li></ul>
"
BUSS 690,Graduate Research,Graduate Research,To provide masters candidates with the opportunity to undertake a research project under the superv,Bhutia  Suvendu,Tuesday,30,Business Administration,Summer 2020,FALSE,"<ul><li>Course: 577</li><li>Section: 001</li><li>Hours: 3</li><li>CRN: 20957</li><li>Term: W 2020</li><li>Instructor: Sang-Hwan; Kim</li><li>Meeting Time: TH 6:00-8:45 PM</li><li>Status: Open</li><li>Prerequisites?: No</li></ul>
"
IMSE 498,Guided Study in IMSE,Guided Study in IMSE,Individual study  design  or laboratory research in a field of interest to the student. Content may,Bergeron  Suzanne,Wednesday,30,Indust & Manufac Sys Engin,Summer 2020,FALSE,"<ul><li>Course: 577</li><li>Section: 001</li><li>Hours: 3</li><li>CRN: 20957</li><li>Term: W 2020</li><li>Instructor: Sang-Hwan; Kim</li><li>Meeting Time: TH 6:00-8:45 PM</li><li>Status: Open</li><li>Prerequisites?: No</li></ul>
"
ECON 375,Heterodox Economics,Heterodox Economics,This course introduces students to alternative perspectives on economic theory and method. These al,Pietrykowski  Bruce,Thursday,30,Economics,Summer 2020,FALSE,"<ul><li>Course: 577</li><li>Section: 001</li><li>Hours: 3</li><li>CRN: 20957</li><li>Term: W 2020</li><li>Instructor: Sang-Hwan; Kim</li><li>Meeting Time: TH 6:00-8:45 PM</li><li>Status: Open</li><li>Prerequisites?: No</li></ul>
"
ECON 4065,History of Economic Thought,History of Economic Thought,Course examines the evolution of economic thought and theory from the early origins to the present ,Bergeron  Suzanne,Friday,30,Economics,Summer 2020,FALSE,"<ul><li>Course: 577</li><li>Section: 001</li><li>Hours: 3</li><li>CRN: 20957</li><li>Term: W 2020</li><li>Instructor: Sang-Hwan; Kim</li><li>Meeting Time: TH 6:00-8:45 PM</li><li>Status: Open</li><li>Prerequisites?: No</li></ul>
"
ECON 5065,History of Economic Thought,History of Economic Thought,Course examines the evolution of economic thought and theory from the early origins to the present ,Bergeron  Suzanne,Monday,30,Economics,Summer 2020,FALSE,"<ul><li>Course: 577</li><li>Section: 001</li><li>Hours: 3</li><li>CRN: 20957</li><li>Term: W 2020</li><li>Instructor: Sang-Hwan; Kim</li><li>Meeting Time: TH 6:00-8:45 PM</li><li>Status: Open</li><li>Prerequisites?: No</li></ul>
"
IMSE 501,Human Factors & Ergonomics,Human Factors & Ergonomics,The analysis and prediction of human performance in industrial and other man-machine systems using w,Bao  Shan,Tuesday,30,Indust & Manufac Sys Engin,Summer 2020,FALSE,"<ul><li>Course: 577</li><li>Section: 001</li><li>Hours: 3</li><li>CRN: 20957</li><li>Term: W 2020</li><li>Instructor: Sang-Hwan; Kim</li><li>Meeting Time: TH 6:00-8:45 PM</li><li>Status: Open</li><li>Prerequisites?: No</li></ul>
"
IMSE 577,Human-Computer Interaction,Human-Computer Interaction,Full Course Title:Human-Computer Interaction for UI and UX Design -This course introduces current th,Kim  Sang-Hwan,Wednesday,30,Indust & Manufac Sys Engin,Summer 2020,FALSE,"<ul><li>Course: 577</li><li>Section: 001</li><li>Hours: 3</li><li>CRN: 20957</li><li>Term: W 2020</li><li>Instructor: Sang-Hwan; Kim</li><li>Meeting Time: TH 6:00-8:45 PM</li><li>Status: Open</li><li>Prerequisites?: No</li></ul>
"
IMSE 4825,Industrial Controls,Industrial Controls,This course introduces the basics of calibration  error analysis  and dynamic response characteristi,Lee  Cheol,Thursday,30,Indust & Manufac Sys Engin,Summer 2020,FALSE,"<ul><li>Course: 577</li><li>Section: 001</li><li>Hours: 3</li><li>CRN: 20957</li><li>Term: W 2020</li><li>Instructor: Sang-Hwan; Kim</li><li>Meeting Time: TH 6:00-8:45 PM</li><li>Status: Open</li><li>Prerequisites?: No</li></ul>
"
IMSE 5825,Industrial Controls,Industrial Controls,This course introduces the principle aspects of computers and their applications in systems control ,Lee  Cheol,Friday,30,Indust & Manufac Sys Engin,Summer 2020,FALSE,"<ul><li>Course: 577</li><li>Section: 001</li><li>Hours: 3</li><li>CRN: 20957</li><li>Term: W 2020</li><li>Instructor: Sang-Hwan; Kim</li><li>Meeting Time: TH 6:00-8:45 PM</li><li>Status: Open</li><li>Prerequisites?: No</li></ul>
"
ECON 331,Industrial Organization,Industrial Organization,Theory and empirical evidence on the causes and effects of market power  especially in industrial m,Czap  Hans,Monday,30,Economics,Summer 2020,FALSE,"<ul><li>Course: 577</li><li>Section: 001</li><li>Hours: 3</li><li>CRN: 20957</li><li>Term: W 2020</li><li>Instructor: Sang-Hwan; Kim</li><li>Meeting Time: TH 6:00-8:45 PM</li><li>Status: Open</li><li>Prerequisites?: No</li></ul>
"
IMSE 381,Industrial Robots,Industrial Robots,The course introduces students in engineering and computer science to fundamentals of robotics techn,Lee  Cheol,Tuesday,30,Indust & Manufac Sys Engin,Summer 2020,FALSE,"<ul><li>Course: 577</li><li>Section: 001</li><li>Hours: 3</li><li>CRN: 20957</li><li>Term: W 2020</li><li>Instructor: Sang-Hwan; Kim</li><li>Meeting Time: TH 6:00-8:45 PM</li><li>Status: Open</li><li>Prerequisites?: No</li></ul>
"
ACC 601,Information Tech Auditing,Information Tech Auditing,With the increased capabilities of IT have come new risks for firms and or their auditors. Audit fir,Kobelsky  Kevin,Wednesday,30,Accounting,Summer 2020,FALSE,"<ul><li>Course: 577</li><li>Section: 001</li><li>Hours: 3</li><li>CRN: 20957</li><li>Term: W 2020</li><li>Instructor: Sang-Hwan; Kim</li><li>Meeting Time: TH 6:00-8:45 PM</li><li>Status: Open</li><li>Prerequisites?: No</li></ul>
"
CHEM 403,Inorganic Chemistry II,Inorganic Chemistry II,A study of coordination and organometallic compounds through the use of current theories. The struc,Smith  Sheila,Thursday,30,Chemistry,Summer 2020,FALSE,"<ul><li>Course: 577</li><li>Section: 001</li><li>Hours: 3</li><li>CRN: 20957</li><li>Term: W 2020</li><li>Instructor: Sang-Hwan; Kim</li><li>Meeting Time: TH 6:00-8:45 PM</li><li>Status: Open</li><li>Prerequisites?: No</li></ul>
"
ACC 356,Intermediate Financial Acct 1,Intermediate Financial Acct 1,To study the accounting function in the business environment; review the operations and operating cy,Baker  Susan,Friday,30,Accounting,Summer 2020,FALSE,"<ul><li>Course: 577</li><li>Section: 001</li><li>Hours: 3</li><li>CRN: 20957</li><li>Term: W 2020</li><li>Instructor: Sang-Hwan; Kim</li><li>Meeting Time: TH 6:00-8:45 PM</li><li>Status: Open</li><li>Prerequisites?: No</li></ul>
"
ACC 357,Intermediate Financial Acct 2,Intermediate Financial Acct 2,To study financing and investing issues in todayâ€™s international business environment  including fin,Kent  Richard,Monday,30,Accounting,Summer 2020,FALSE,"<ul><li>Course: 577</li><li>Section: 001</li><li>Hours: 3</li><li>CRN: 20957</li><li>Term: W 2020</li><li>Instructor: Sang-Hwan; Kim</li><li>Meeting Time: TH 6:00-8:45 PM</li><li>Status: Open</li><li>Prerequisites?: No</li></ul>
"
ECON 301,Intermediate Macroeconomics,Intermediate Macroeconomics,A systematic study of the determinants of national output  economic growth  inflation  and unemploym,Sobiechowski  David,Tuesday,30,Economics,Summer 2020,FALSE,"<ul><li>Course: 577</li><li>Section: 001</li><li>Hours: 3</li><li>CRN: 20957</li><li>Term: W 2020</li><li>Instructor: Sang-Hwan; Kim</li><li>Meeting Time: TH 6:00-8:45 PM</li><li>Status: Open</li><li>Prerequisites?: No</li></ul>
"
ECON 302,Intermediate Microeconomics,Intermediate Microeconomics,A systematic study of the role of prices in organizing economic activity. The tools necessary for s,Koumpias  Antonios,Wednesday,30,Economics,Summer 2020,FALSE,"<ul><li>Course: 577</li><li>Section: 001</li><li>Hours: 3</li><li>CRN: 20957</li><li>Term: W 2020</li><li>Instructor: Sang-Hwan; Kim</li><li>Meeting Time: TH 6:00-8:45 PM</li><li>Status: Open</li><li>Prerequisites?: No</li></ul>
"
IMSE 399,Internship/ Co-Op,Internship/ Co-Op,A four-month professional work experience period of the Engineering Internship Program  integrated,Tolbert  DeLean,Thursday,30,Indust & Manufac Sys Engin,Summer 2020,FALSE,"<ul><li>Course: 577</li><li>Section: 001</li><li>Hours: 3</li><li>CRN: 20957</li><li>Term: W 2020</li><li>Instructor: Sang-Hwan; Kim</li><li>Meeting Time: TH 6:00-8:45 PM</li><li>Status: Open</li><li>Prerequisites?: No</li></ul>
"
IMSE 499,Internship/ Co-Op,Internship/ Co-Op,A four-month professional work experience period of the Engineering Internship Program  integrated,Tolbert  DeLean,Friday,30,Indust & Manufac Sys Engin,Full 2020,FALSE,"<ul><li>Course: 577</li><li>Section: 001</li><li>Hours: 3</li><li>CRN: 20957</li><li>Term: W 2020</li><li>Instructor: Sang-Hwan; Kim</li><li>Meeting Time: TH 6:00-8:45 PM</li><li>Status: Open</li><li>Prerequisites?: No</li></ul>
"
IMSE 299,Internship/ Co-Op,Internship/ Co-Op,This is a Cooperative Education course. Students wishing to experience a work experience before gra,Tolbert  DeLean,Monday,30,Indust & Manufac Sys Engin,Full 2020,FALSE,"<ul><li>Course: 577</li><li>Section: 001</li><li>Hours: 3</li><li>CRN: 20957</li><li>Term: W 2020</li><li>Instructor: Sang-Hwan; Kim</li><li>Meeting Time: TH 6:00-8:45 PM</li><li>Status: Open</li><li>Prerequisites?: No</li></ul>
"
DSCI 301,Intro Business Statistics,Intro Business Statistics,Introductory concepts and methods in data analysis and probability  together with their applications,Lee  Cindy,Tuesday,30,Decision Sciences,Full 2020,FALSE,"<ul><li>Course: 577</li><li>Section: 001</li><li>Hours: 3</li><li>CRN: 20957</li><li>Term: W 2020</li><li>Instructor: Sang-Hwan; Kim</li><li>Meeting Time: TH 6:00-8:45 PM</li><li>Status: Open</li><li>Prerequisites?: No</li></ul>
"
DSCI 301,Intro Business Statistics,Intro Business Statistics,Introductory concepts and methods in data analysis and probability  together with their applications,Fu  Wayne,Wednesday,30,Decision Sciences,Full 2020,FALSE,"<ul><li>Course: 577</li><li>Section: 001</li><li>Hours: 3</li><li>CRN: 20957</li><li>Term: W 2020</li><li>Instructor: Sang-Hwan; Kim</li><li>Meeting Time: TH 6:00-8:45 PM</li><li>Status: Open</li><li>Prerequisites?: No</li></ul>
"
ACC 560,Intro Federal Income Taxation,Intro Federal Income Taxation,Full Title: Introduction to Federal Income Taxation Survey analysis of the basic framework utilized,Killey  Michael,Thursday,30,Accounting,Full 2020,FALSE,"<ul><li>Course: 577</li><li>Section: 001</li><li>Hours: 3</li><li>CRN: 20957</li><li>Term: W 2020</li><li>Instructor: Sang-Hwan; Kim</li><li>Meeting Time: TH 6:00-8:45 PM</li><li>Status: Open</li><li>Prerequisites?: No</li></ul>
"
ECON 4015,Introduction to Econometrics,Introduction to Econometrics,The theory and practice of the statistical analysis of economic relationships. Topics covered includ,Smith  Patricia,Friday,30,Economics,Full 2020,FALSE,"<ul><li>Course: 577</li><li>Section: 001</li><li>Hours: 3</li><li>CRN: 20957</li><li>Term: W 2020</li><li>Instructor: Sang-Hwan; Kim</li><li>Meeting Time: TH 6:00-8:45 PM</li><li>Status: Open</li><li>Prerequisites?: No</li></ul>
"
ECON 5015,Introduction to Econometrics,Introduction to Econometrics,The theory and practice of the statistical analysis of economic relationships. Topics covered includ,Smith  Patricia,Monday,30,Economics,Full 2020,FALSE,"<ul><li>Course: 577</li><li>Section: 001</li><li>Hours: 3</li><li>CRN: 20957</li><li>Term: W 2020</li><li>Instructor: Sang-Hwan; Kim</li><li>Meeting Time: TH 6:00-8:45 PM</li><li>Status: Open</li><li>Prerequisites?: No</li></ul>
"
CHEM 499,Laboratory Research in Chem,Laboratory Research in Chem,Directed laboratory research performed under the guidance of a faculty member. No more than six hou,Bergeron  Suzanne,Tuesday,30,Chemistry,Full 2020,FALSE,"<ul><li>Course: 577</li><li>Section: 001</li><li>Hours: 3</li><li>CRN: 20957</li><li>Term: W 2020</li><li>Instructor: Sang-Hwan; Kim</li><li>Meeting Time: TH 6:00-8:45 PM</li><li>Status: Open</li><li>Prerequisites?: No</li></ul>
"
DSCI 570,Management Science,Management Science,To develop basic competence in introductory management science and operations research. Topics incl,Chandra  Charu,Wednesday,30,Decision Sciences,Full 2020,FALSE,"<ul><li>Course: 577</li><li>Section: 001</li><li>Hours: 3</li><li>CRN: 20957</li><li>Term: W 2020</li><li>Instructor: Sang-Hwan; Kim</li><li>Meeting Time: TH 6:00-8:45 PM</li><li>Status: Open</li><li>Prerequisites?: No</li></ul>
"
ACC 299,Managerial Accounting,Managerial Accounting,To introduce managerial accounting concepts and applications. Specific topics include: cost terminol,Simari  Anthony,Thursday,30,Accounting,Full 2020,FALSE,"<ul><li>Course: 577</li><li>Section: 001</li><li>Hours: 3</li><li>CRN: 20957</li><li>Term: W 2020</li><li>Instructor: Sang-Hwan; Kim</li><li>Meeting Time: TH 6:00-8:45 PM</li><li>Status: Open</li><li>Prerequisites?: No</li></ul>
"
ACC 299,Managerial Accounting,Managerial Accounting,To introduce managerial accounting concepts and applications. Specific topics include: cost terminol,Graybeal  Patricia,Friday,30,Accounting,Full 2020,FALSE,"<ul><li>Course: 577</li><li>Section: 001</li><li>Hours: 3</li><li>CRN: 20957</li><li>Term: W 2020</li><li>Instructor: Sang-Hwan; Kim</li><li>Meeting Time: TH 6:00-8:45 PM</li><li>Status: Open</li><li>Prerequisites?: No</li></ul>
"
BUSS 330,Managerial Communication,Managerial Communication,This course is designed to improve the student's ability to communicate effectively within an organ,Hartge  Timothy,Monday,30,Business Administration,Full 2020,FALSE,"<ul><li>Course: 577</li><li>Section: 001</li><li>Hours: 3</li><li>CRN: 20957</li><li>Term: W 2020</li><li>Instructor: Sang-Hwan; Kim</li><li>Meeting Time: TH 6:00-8:45 PM</li><li>Status: Open</li><li>Prerequisites?: No</li></ul>
"
BUSS 330,Managerial Communication,Managerial Communication,This course is designed to improve the student's ability to communicate effectively within an organ,Fischer  Christine,Tuesday,30,Business Administration,Full 2020,FALSE,"<ul><li>Course: 577</li><li>Section: 001</li><li>Hours: 3</li><li>CRN: 20957</li><li>Term: W 2020</li><li>Instructor: Sang-Hwan; Kim</li><li>Meeting Time: TH 6:00-8:45 PM</li><li>Status: Open</li><li>Prerequisites?: No</li></ul>
"
IMSE 517,Managing Global Programs,Managing Global Programs,This course focuses on some of the central strategic and organizational problems that arise in manag,Plavcan  Jill,Wednesday,30,Indust & Manufac Sys Engin,Full 2020,FALSE,"<ul><li>Course: 577</li><li>Section: 001</li><li>Hours: 3</li><li>CRN: 20957</li><li>Term: W 2020</li><li>Instructor: Sang-Hwan; Kim</li><li>Meeting Time: TH 6:00-8:45 PM</li><li>Status: Open</li><li>Prerequisites?: No</li></ul>
"
IMSE 382,Manufacturing Processes,Manufacturing Processes,This course introduces the students to the fundamentals and principles of manufacturing processes fo,Reyes-Villanueva  German,Thursday,30,Indust & Manufac Sys Engin,Full 2020,FALSE,"<ul><li>Course: 577</li><li>Section: 001</li><li>Hours: 3</li><li>CRN: 20957</li><li>Term: W 2020</li><li>Instructor: Sang-Hwan; Kim</li><li>Meeting Time: TH 6:00-8:45 PM</li><li>Status: Open</li><li>Prerequisites?: No</li></ul>
"
IMSE 382L,Manufacturing Processes I Lab,Manufacturing Processes I Lab,Required component of IMSE 382. See IMSE 382 for description of course.,Xiao  Yaohong,Friday,30,Indust & Manufac Sys Engin,Full 2020,FALSE,"<ul><li>Course: 577</li><li>Section: 001</li><li>Hours: 3</li><li>CRN: 20957</li><li>Term: W 2020</li><li>Instructor: Sang-Hwan; Kim</li><li>Meeting Time: TH 6:00-8:45 PM</li><li>Status: Open</li><li>Prerequisites?: No</li></ul>
"
IMSE 382L,Manufacturing Processes I Lab,Manufacturing Processes I Lab,Required component of IMSE 382. See IMSE 382 for description of course.,Tantratian  Karnpiwat,Monday,30,Indust & Manufac Sys Engin,Full 2020,FALSE,"<ul><li>Course: 577</li><li>Section: 001</li><li>Hours: 3</li><li>CRN: 20957</li><li>Term: W 2020</li><li>Instructor: Sang-Hwan; Kim</li><li>Meeting Time: TH 6:00-8:45 PM</li><li>Status: Open</li><li>Prerequisites?: No</li></ul>
"
IMSE 488,Metal Forming Processes,Metal Forming Processes,This course focus is on fundamentals of metal forming processes; mechanics of metal forming; formab,Ayoub  Georges,Tuesday,30,Indust & Manufac Sys Engin,Summer 2020,FALSE,"<ul><li>Course: 577</li><li>Section: 001</li><li>Hours: 3</li><li>CRN: 20957</li><li>Term: W 2020</li><li>Instructor: Sang-Hwan; Kim</li><li>Meeting Time: TH 6:00-8:45 PM</li><li>Status: Open</li><li>Prerequisites?: No</li></ul>
"
IMSE 504,Metal Forming Processes,Metal Forming Processes,This course focus is on fundamentals of metal forming processes; mechanics of metal forming; formabi,Ayoub  Georges,Wednesday,30,Indust & Manufac Sys Engin,Summer 2020,FALSE,"<ul><li>Course: 577</li><li>Section: 001</li><li>Hours: 3</li><li>CRN: 20957</li><li>Term: W 2020</li><li>Instructor: Sang-Hwan; Kim</li><li>Meeting Time: TH 6:00-8:45 PM</li><li>Status: Open</li><li>Prerequisites?: No</li></ul>
"
IMSE 564,Meth & Tech in ERP Sys Develop,Meth & Tech in ERP Sys Develop,Students will explore different technology tools and methodologies for building/customizing applicat,Bhutia  Suvendu,Thursday,30,Indust & Manufac Sys Engin,Summer 2020,FALSE,"<ul><li>Course: 577</li><li>Section: 001</li><li>Hours: 3</li><li>CRN: 20957</li><li>Term: W 2020</li><li>Instructor: Sang-Hwan; Kim</li><li>Meeting Time: TH 6:00-8:45 PM</li><li>Status: Open</li><li>Prerequisites?: No</li></ul>
"
BUSS 605,Mgrl Dec Making,Mgrl Dec Making,This course covers the findings of research on behavioral decision making as they apply to manageria,Klein  Barbara,Friday,30,Business Administration,Summer 2020,FALSE,"<ul><li>Course: 577</li><li>Section: 001</li><li>Hours: 3</li><li>CRN: 20957</li><li>Term: W 2020</li><li>Instructor: Sang-Hwan; Kim</li><li>Meeting Time: TH 6:00-8:45 PM</li><li>Status: Open</li><li>Prerequisites?: No</li></ul>
"
IMSE 5715,Modeling of Int Info Syst,Modeling of Int Info Syst,A review of approaches for modeling of integrated information systems. ARIS architecture. Data  co,Fisk  Alan,Monday,30,Indust & Manufac Sys Engin,Summer 2020,FALSE,"<ul><li>Course: 577</li><li>Section: 001</li><li>Hours: 3</li><li>CRN: 20957</li><li>Term: W 2020</li><li>Instructor: Sang-Hwan; Kim</li><li>Meeting Time: TH 6:00-8:45 PM</li><li>Status: Open</li><li>Prerequisites?: No</li></ul>
"
IMSE 500,Models of Oper Research,Models of Oper Research,The method of mathematical modeling and its application to decision-making problems in organization,Hu  Jian,Tuesday,30,Indust & Manufac Sys Engin,Summer 2020,FALSE,"<ul><li>Course: 577</li><li>Section: 001</li><li>Hours: 3</li><li>CRN: 20957</li><li>Term: W 2020</li><li>Instructor: Sang-Hwan; Kim</li><li>Meeting Time: TH 6:00-8:45 PM</li><li>Status: Open</li><li>Prerequisites?: No</li></ul>
"
ACC 439,Not-for-Profit Accounting,Not-for-Profit Accounting,To study the principles and procedures of accounting for not-for-profit entities. Topics may inclu,Graybeal  Patricia,Wednesday,30,Accounting,Summer 2020,FALSE,"<ul><li>Course: 577</li><li>Section: 001</li><li>Hours: 3</li><li>CRN: 20957</li><li>Term: W 2020</li><li>Instructor: Sang-Hwan; Kim</li><li>Meeting Time: TH 6:00-8:45 PM</li><li>Status: Open</li><li>Prerequisites?: No</li></ul>
"
ACC 539,Not-for-Profit Accounting,Not-for-Profit Accounting,To study the principles and procedures of accounting for not-for-profit entities. Topics may include,Graybeal  Patricia,Thursday,30,Accounting,Summer 2020,FALSE,"<ul><li>Course: 577</li><li>Section: 001</li><li>Hours: 3</li><li>CRN: 20957</li><li>Term: W 2020</li><li>Instructor: Sang-Hwan; Kim</li><li>Meeting Time: TH 6:00-8:45 PM</li><li>Status: Open</li><li>Prerequisites?: No</li></ul>
"
CHEM 225,Organic Chemistry I,Organic Chemistry I,The initial course in organic chemistry. A general introduction to organic chemistry with emphasis,Marincean  Simona,Friday,30,Chemistry,Summer 2020,FALSE,"<ul><li>Course: 577</li><li>Section: 001</li><li>Hours: 3</li><li>CRN: 20957</li><li>Term: W 2020</li><li>Instructor: Sang-Hwan; Kim</li><li>Meeting Time: TH 6:00-8:45 PM</li><li>Status: Open</li><li>Prerequisites?: No</li></ul>
"
CHEM 225R,Organic Chemistry I Recitation,Organic Chemistry I Recitation,Recitation component of CHEM 225. Must be taken concurrently with CHEM 225.,Marincean  Simona,Monday,30,Chemistry,Summer 2020,FALSE,"<ul><li>Course: 577</li><li>Section: 001</li><li>Hours: 3</li><li>CRN: 20957</li><li>Term: W 2020</li><li>Instructor: Sang-Hwan; Kim</li><li>Meeting Time: TH 6:00-8:45 PM</li><li>Status: Open</li><li>Prerequisites?: No</li></ul>
"
CHEM 226,Organic Chemistry II,Organic Chemistry II,A continuation of CHEM 225. Topics include functional group chemistry and properties of carbohydrat,Scribner  Steven,Tuesday,30,Chemistry,Summer 2020,FALSE,"<ul><li>Course: 577</li><li>Section: 001</li><li>Hours: 3</li><li>CRN: 20957</li><li>Term: W 2020</li><li>Instructor: Sang-Hwan; Kim</li><li>Meeting Time: TH 6:00-8:45 PM</li><li>Status: Open</li><li>Prerequisites?: No</li></ul>
"
CHEM 226,Organic Chemistry II,Organic Chemistry II,A continuation of CHEM 225. Topics include functional group chemistry and properties of carbohydrat,Constantinides  Christos,Wednesday,30,Chemistry,Summer 2020,FALSE,"<ul><li>Course: 577</li><li>Section: 001</li><li>Hours: 3</li><li>CRN: 20957</li><li>Term: W 2020</li><li>Instructor: Sang-Hwan; Kim</li><li>Meeting Time: TH 6:00-8:45 PM</li><li>Status: Open</li><li>Prerequisites?: No</li></ul>
"
CHEM 226R,Organic Chemistry II Rec,Organic Chemistry II Rec,Recitation component of CHEM 226. Must be taken concurrently with CHEM 226.,Scribner  Steven,Thursday,30,Chemistry,Summer 2020,FALSE,"<ul><li>Course: 577</li><li>Section: 001</li><li>Hours: 3</li><li>CRN: 20957</li><li>Term: W 2020</li><li>Instructor: Sang-Hwan; Kim</li><li>Meeting Time: TH 6:00-8:45 PM</li><li>Status: Open</li><li>Prerequisites?: No</li></ul>
"
CHEM 226R,Organic Chemistry II Rec,Organic Chemistry II Rec,Recitation component of CHEM 226. Must be taken concurrently with CHEM 226.,Constantinides  Christos,Friday,30,Chemistry,Summer 2020,FALSE,"<ul><li>Course: 577</li><li>Section: 001</li><li>Hours: 3</li><li>CRN: 20957</li><li>Term: W 2020</li><li>Instructor: Sang-Hwan; Kim</li><li>Meeting Time: TH 6:00-8:45 PM</li><li>Status: Open</li><li>Prerequisites?: No</li></ul>
"
CHEM 227,Organic Chemistry Laboratory,Organic Chemistry Laboratory,Development of the basic laboratory techniques of organic chemistry. The chemistry of functional gr,Scribner  Steven,Monday,30,Chemistry,Summer 2020,FALSE,"<ul><li>Course: 577</li><li>Section: 001</li><li>Hours: 3</li><li>CRN: 20957</li><li>Term: W 2020</li><li>Instructor: Sang-Hwan; Kim</li><li>Meeting Time: TH 6:00-8:45 PM</li><li>Status: Open</li><li>Prerequisites?: No</li></ul>
"
CHEM 227,Organic Chemistry Laboratory,Organic Chemistry Laboratory,Development of the basic laboratory techniques of organic chemistry. The chemistry of functional gr,Mehdi  Mariam,Tuesday,30,Chemistry,Summer 2020,FALSE,"<ul><li>Course: 577</li><li>Section: 001</li><li>Hours: 3</li><li>CRN: 20957</li><li>Term: W 2020</li><li>Instructor: Sang-Hwan; Kim</li><li>Meeting Time: TH 6:00-8:45 PM</li><li>Status: Open</li><li>Prerequisites?: No</li></ul>
"
CHEM 227,Organic Chemistry Laboratory,Organic Chemistry Laboratory,Development of the basic laboratory techniques of organic chemistry. The chemistry of functional gr,Kondasinghe  Thilini,Wednesday,30,Chemistry,Summer 2020,FALSE,"<ul><li>Course: 577</li><li>Section: 001</li><li>Hours: 3</li><li>CRN: 20957</li><li>Term: W 2020</li><li>Instructor: Sang-Hwan; Kim</li><li>Meeting Time: TH 6:00-8:45 PM</li><li>Status: Open</li><li>Prerequisites?: No</li></ul>
"
CHEM 227,Organic Chemistry Laboratory,Organic Chemistry Laboratory,Development of the basic laboratory techniques of organic chemistry. The chemistry of functional gr,Hussain  Mahmud,Thursday,30,Chemistry,Summer 2020,FALSE,"<ul><li>Course: 577</li><li>Section: 001</li><li>Hours: 3</li><li>CRN: 20957</li><li>Term: W 2020</li><li>Instructor: Sang-Hwan; Kim</li><li>Meeting Time: TH 6:00-8:45 PM</li><li>Status: Open</li><li>Prerequisites?: No</li></ul>
"
CHEM 227,Organic Chemistry Laboratory,Organic Chemistry Laboratory,Development of the basic laboratory techniques of organic chemistry. The chemistry of functional gr,Bossio  Robert,Friday,30,Chemistry,Summer 2020,FALSE,"<ul><li>Course: 577</li><li>Section: 001</li><li>Hours: 3</li><li>CRN: 20957</li><li>Term: W 2020</li><li>Instructor: Sang-Hwan; Kim</li><li>Meeting Time: TH 6:00-8:45 PM</li><li>Status: Open</li><li>Prerequisites?: No</li></ul>
"
BUSS 611,Organizational Economics,Organizational Economics,This course focuses on the transactions and contracts that occur within and between organizations. Y,Molloy  Janice,Monday,30,Business Administration,Summer 2020,FALSE,"<ul><li>Course: 577</li><li>Section: 001</li><li>Hours: 3</li><li>CRN: 20957</li><li>Term: W 2020</li><li>Instructor: Sang-Hwan; Kim</li><li>Meeting Time: TH 6:00-8:45 PM</li><li>Status: Open</li><li>Prerequisites?: No</li></ul>
"
IMSE 980,Ph.D. diss research precand,Ph.D. diss research precand,Full Title: Ph.D. dissertation research pre-candidate Dissertation research by a pre-candidate stude,Hu  Jian,Tuesday,30,Indust & Manufac Sys Engin,Summer 2020,FALSE,"<ul><li>Course: 577</li><li>Section: 001</li><li>Hours: 3</li><li>CRN: 20957</li><li>Term: W 2020</li><li>Instructor: Sang-Hwan; Kim</li><li>Meeting Time: TH 6:00-8:45 PM</li><li>Status: Open</li><li>Prerequisites?: No</li></ul>
"
IMSE 990,PHD Dis Research Cand,PHD Dis Research Cand,Full Title: Ph.D. dissertation research candidate Dissertation research by a candidate student of th,Hu  Zhen,Wednesday,30,Indust & Manufac Sys Engin,Summer 2020,FALSE,"<ul><li>Course: 577</li><li>Section: 001</li><li>Hours: 3</li><li>CRN: 20957</li><li>Term: W 2020</li><li>Instructor: Sang-Hwan; Kim</li><li>Meeting Time: TH 6:00-8:45 PM</li><li>Status: Open</li><li>Prerequisites?: No</li></ul>
"
CHEM 368,Physical Chemistry I,Physical Chemistry I,Nature of the gaseous state  chemical thermodynamics  biochemical and chemical equilibria and kinet,Bandyopadhyay  Krisnau,Thursday,30,Chemistry,Summer 2020,FALSE,"<ul><li>Course: 577</li><li>Section: 001</li><li>Hours: 3</li><li>CRN: 20957</li><li>Term: W 2020</li><li>Instructor: Sang-Hwan; Kim</li><li>Meeting Time: TH 6:00-8:45 PM</li><li>Status: Open</li><li>Prerequisites?: No</li></ul>
"
ECON 201,Prin: Macroeconomics,Prin: Macroeconomics,Together with ECON 202  this course serves to introduce the student to the basic ideas and concepts,Sobiechowski  David,Friday,30,Economics,Summer 2020,FALSE,"<ul><li>Course: 577</li><li>Section: 001</li><li>Hours: 3</li><li>CRN: 20957</li><li>Term: W 2020</li><li>Instructor: Sang-Hwan; Kim</li><li>Meeting Time: TH 6:00-8:45 PM</li><li>Status: Open</li><li>Prerequisites?: No</li></ul>
"
ECON 201,Prin: Macroeconomics,Prin: Macroeconomics,Together with ECON 202  this course serves to introduce the student to the basic ideas and concepts,Pietrykowski  Bruce,Monday,30,Economics,Summer 2020,FALSE,"<ul><li>Course: 577</li><li>Section: 001</li><li>Hours: 3</li><li>CRN: 20957</li><li>Term: W 2020</li><li>Instructor: Sang-Hwan; Kim</li><li>Meeting Time: TH 6:00-8:45 PM</li><li>Status: Open</li><li>Prerequisites?: No</li></ul>
"
ECON 201,Prin: Macroeconomics,Prin: Macroeconomics,Together with ECON 202  this course serves to introduce the student to the basic ideas and concepts,Mulder  Daniel,Tuesday,30,Economics,Summer 2020,FALSE,"<ul><li>Course: 577</li><li>Section: 001</li><li>Hours: 3</li><li>CRN: 20957</li><li>Term: W 2020</li><li>Instructor: Sang-Hwan; Kim</li><li>Meeting Time: TH 6:00-8:45 PM</li><li>Status: Open</li><li>Prerequisites?: No</li></ul>
"
ECON 201,Prin: Macroeconomics,Prin: Macroeconomics,Together with ECON 202  this course serves to introduce the student to the basic ideas and concepts,Hogan  Carol,Wednesday,30,Economics,Summer 2020,FALSE,"<ul><li>Course: 577</li><li>Section: 001</li><li>Hours: 3</li><li>CRN: 20957</li><li>Term: W 2020</li><li>Instructor: Sang-Hwan; Kim</li><li>Meeting Time: TH 6:00-8:45 PM</li><li>Status: Open</li><li>Prerequisites?: No</li></ul>
"
ECON 201,Prin: Macroeconomics,Prin: Macroeconomics,Together with ECON 202  this course serves to introduce the student to the basic ideas and concepts,Czap  Natalia,Thursday,30,Economics,Summer 2020,FALSE,"<ul><li>Course: 577</li><li>Section: 001</li><li>Hours: 3</li><li>CRN: 20957</li><li>Term: W 2020</li><li>Instructor: Sang-Hwan; Kim</li><li>Meeting Time: TH 6:00-8:45 PM</li><li>Status: Open</li><li>Prerequisites?: No</li></ul>
"
ECON 201,Prin: Macroeconomics,Prin: Macroeconomics,Together with ECON 202  this course serves to introduce the student to the basic ideas and concepts,Anderson  Robert,Friday,30,Economics,Summer 2020,FALSE,"<ul><li>Course: 577</li><li>Section: 001</li><li>Hours: 3</li><li>CRN: 20957</li><li>Term: W 2020</li><li>Instructor: Sang-Hwan; Kim</li><li>Meeting Time: TH 6:00-8:45 PM</li><li>Status: Open</li><li>Prerequisites?: No</li></ul>
"
ECON 202,Prin: Microeconomics,Prin: Microeconomics,Together with ECON 201  this course serves to introduce the student to the basic ideas and concepts,Smith  Patricia,Monday,30,Economics,Full 2020,FALSE,"<ul><li>Course: 577</li><li>Section: 001</li><li>Hours: 3</li><li>CRN: 20957</li><li>Term: W 2020</li><li>Instructor: Sang-Hwan; Kim</li><li>Meeting Time: TH 6:00-8:45 PM</li><li>Status: Open</li><li>Prerequisites?: No</li></ul>
"
ECON 202,Prin: Microeconomics,Prin: Microeconomics,Together with ECON 201  this course serves to introduce the student to the basic ideas and concepts,Koumpias  Antonios,Tuesday,30,Economics,Full 2020,FALSE,"<ul><li>Course: 577</li><li>Section: 001</li><li>Hours: 3</li><li>CRN: 20957</li><li>Term: W 2020</li><li>Instructor: Sang-Hwan; Kim</li><li>Meeting Time: TH 6:00-8:45 PM</li><li>Status: Open</li><li>Prerequisites?: No</li></ul>
"
ECON 202,Prin: Microeconomics,Prin: Microeconomics,Together with ECON 201  this course serves to introduce the student to the basic ideas and concepts,Hogan  Carol,Wednesday,30,Economics,Full 2020,FALSE,"<ul><li>Course: 577</li><li>Section: 001</li><li>Hours: 3</li><li>CRN: 20957</li><li>Term: W 2020</li><li>Instructor: Sang-Hwan; Kim</li><li>Meeting Time: TH 6:00-8:45 PM</li><li>Status: Open</li><li>Prerequisites?: No</li></ul>
"
ECON 202,Prin: Microeconomics,Prin: Microeconomics,Together with ECON 201  this course serves to introduce the student to the basic ideas and concepts,Czap  Hans,Thursday,30,Economics,Full 2020,FALSE,"<ul><li>Course: 577</li><li>Section: 001</li><li>Hours: 3</li><li>CRN: 20957</li><li>Term: W 2020</li><li>Instructor: Sang-Hwan; Kim</li><li>Meeting Time: TH 6:00-8:45 PM</li><li>Status: Open</li><li>Prerequisites?: No</li></ul>
"
CHEM 370,Principles of Biochemistry,Principles of Biochemistry,A concise but comprehensive survey of various areas of biochemistry designed for non-biochemistry m,Pricer  Rachel,Friday,30,Chemistry,Full 2020,FALSE,"<ul><li>Course: 577</li><li>Section: 001</li><li>Hours: 3</li><li>CRN: 20957</li><li>Term: W 2020</li><li>Instructor: Sang-Hwan; Kim</li><li>Meeting Time: TH 6:00-8:45 PM</li><li>Status: Open</li><li>Prerequisites?: No</li></ul>
"
CHEM 370,Principles of Biochemistry,Principles of Biochemistry,A concise but comprehensive survey of various areas of biochemistry designed for non-biochemistry m,Muqbil  Irfana,Monday,30,Chemistry,Full 2020,FALSE,"<ul><li>Course: 577</li><li>Section: 001</li><li>Hours: 3</li><li>CRN: 20957</li><li>Term: W 2020</li><li>Instructor: Sang-Hwan; Kim</li><li>Meeting Time: TH 6:00-8:45 PM</li><li>Status: Open</li><li>Prerequisites?: No</li></ul>
"
IMSE 510,Probability & Statistical Mod,Probability & Statistical Mod,Review of basic concepts in probability and statistics. Multivariate distributions. Estimation and,Kim  Sang-Hwan,Tuesday,30,Indust & Manufac Sys Engin,Full 2020,FALSE,"<ul><li>Course: 577</li><li>Section: 001</li><li>Hours: 3</li><li>CRN: 20957</li><li>Term: W 2020</li><li>Instructor: Sang-Hwan; Kim</li><li>Meeting Time: TH 6:00-8:45 PM</li><li>Status: Open</li><li>Prerequisites?: No</li></ul>
"
IMSE 580,Prod & Oper Engineering I,Prod & Oper Engineering I,Production and operations management techniques including forecasting  inventory control  MRP  detai,Ulgen  Onur,Wednesday,30,Indust & Manufac Sys Engin,Full 2020,FALSE,"<ul><li>Course: 577</li><li>Section: 001</li><li>Hours: 3</li><li>CRN: 20957</li><li>Term: W 2020</li><li>Instructor: Sang-Hwan; Kim</li><li>Meeting Time: TH 6:00-8:45 PM</li><li>Status: Open</li><li>Prerequisites?: No</li></ul>
"
IMSE 581,Prod & Oper Engineering II,Prod & Oper Engineering II,This course addresses the advanced theory and techniques of production and inventory systems. Topics,Chen  Xi,Thursday,30,Indust & Manufac Sys Engin,Full 2020,FALSE,"<ul><li>Course: 577</li><li>Section: 001</li><li>Hours: 3</li><li>CRN: 20957</li><li>Term: W 2020</li><li>Instructor: Sang-Hwan; Kim</li><li>Meeting Time: TH 6:00-8:45 PM</li><li>Status: Open</li><li>Prerequisites?: No</li></ul>
"
IMSE 4795,Prod  Inven Control & Lean Mfg,Prod  Inven Control & Lean Mfg,Study of concepts involved in forecasting demand  inventory control  MRP  JIT production  lean manuf,Knight  James,Friday,30,Indust & Manufac Sys Engin,Full 2020,FALSE,"<ul><li>Course: 577</li><li>Section: 001</li><li>Hours: 3</li><li>CRN: 20957</li><li>Term: W 2020</li><li>Instructor: Sang-Hwan; Kim</li><li>Meeting Time: TH 6:00-8:45 PM</li><li>Status: Open</li><li>Prerequisites?: No</li></ul>
"
IMSE 5215,Program Budget  Cost Est & Con,Program Budget  Cost Est & Con,This course focuses on cost estimation and control for program managers and engineers. The course in,Klungle  Roger,Monday,30,Indust & Manufac Sys Engin,Full 2020,FALSE,"<ul><li>Course: 577</li><li>Section: 001</li><li>Hours: 3</li><li>CRN: 20957</li><li>Term: W 2020</li><li>Instructor: Sang-Hwan; Kim</li><li>Meeting Time: TH 6:00-8:45 PM</li><li>Status: Open</li><li>Prerequisites?: No</li></ul>
"
BUSS 320,Proj Mgmt & Leadership Skills,Proj Mgmt & Leadership Skills,This course is intended to be a writing intensive problem based interdisciplinary course in project,Ridgway  Robert,Tuesday,30,Business Administration,Full 2020,FALSE,"<ul><li>Course: 577</li><li>Section: 001</li><li>Hours: 3</li><li>CRN: 20957</li><li>Term: W 2020</li><li>Instructor: Sang-Hwan; Kim</li><li>Meeting Time: TH 6:00-8:45 PM</li><li>Status: Open</li><li>Prerequisites?: No</li></ul>
"
BUSS 320,Proj Mgmt & Leadership Skills,Proj Mgmt & Leadership Skills,This course is intended to be a writing intensive problem based interdisciplinary course in project,Keyes  Patrick,Wednesday,30,Business Administration,Winter 2020,FALSE,"<ul><li>Course: 577</li><li>Section: 001</li><li>Hours: 3</li><li>CRN: 20957</li><li>Term: W 2020</li><li>Instructor: Sang-Hwan; Kim</li><li>Meeting Time: TH 6:00-8:45 PM</li><li>Status: Open</li><li>Prerequisites?: No</li></ul>
"
IMSE 516,Project Management and Control,Project Management and Control,Project Planning  Scheduling  and Controlling functions are discussed in detail including work break,Klungle  Roger,Thursday,30,Indust & Manufac Sys Engin,Winter 2020,FALSE,"<ul><li>Course: 577</li><li>Section: 001</li><li>Hours: 3</li><li>CRN: 20957</li><li>Term: W 2020</li><li>Instructor: Sang-Hwan; Kim</li><li>Meeting Time: TH 6:00-8:45 PM</li><li>Status: Open</li><li>Prerequisites?: No</li></ul>
"
CHEM 498,Readings in Chemistry,Readings in Chemistry,Library research in a specific area of chemistry performed under the guidance of a faculty member.,Bazzi  Judith,Friday,30,Chemistry,Winter 2020,FALSE,"<ul><li>Course: 577</li><li>Section: 001</li><li>Hours: 3</li><li>CRN: 20957</li><li>Term: W 2020</li><li>Instructor: Sang-Hwan; Kim</li><li>Meeting Time: TH 6:00-8:45 PM</li><li>Status: Open</li><li>Prerequisites?: No</li></ul>
"
IMSE 567,Reliability Analysis,Reliability Analysis,Statistics of reliability and life testing. Application of stochastic models for failure based on,Hu  Zhen,Monday,30,Indust & Manufac Sys Engin,Winter 2020,FALSE,"<ul><li>Course: 577</li><li>Section: 001</li><li>Hours: 3</li><li>CRN: 20957</li><li>Term: W 2020</li><li>Instructor: Sang-Hwan; Kim</li><li>Meeting Time: TH 6:00-8:45 PM</li><li>Status: Open</li><li>Prerequisites?: No</li></ul>
"
IMSE 548,Res.Meth.Human Fctrs/Ergonomic,Res.Meth.Human Fctrs/Ergonomic,Full Course Titile: Research Methods in Human Factors and Erogonomics -This course covers principals,Zhou  Feng,Tuesday,30,Indust & Manufac Sys Engin,Full 2020,FALSE,"<ul><li>Course: 577</li><li>Section: 001</li><li>Hours: 3</li><li>CRN: 20957</li><li>Term: W 2020</li><li>Instructor: Sang-Hwan; Kim</li><li>Meeting Time: TH 6:00-8:45 PM</li><li>Status: Open</li><li>Prerequisites?: No</li></ul>
"
BUSS 490,Research: Bus Administration,Research: Bus Administration,To provide the advanced student with the opportunity to undertake a research project under the supe,Davis  Tim,Wednesday,30,Business Administration,Full 2020,FALSE,"<ul><li>Course: 577</li><li>Section: 001</li><li>Hours: 3</li><li>CRN: 20957</li><li>Term: W 2020</li><li>Instructor: Sang-Hwan; Kim</li><li>Meeting Time: TH 6:00-8:45 PM</li><li>Status: Open</li><li>Prerequisites?: No</li></ul>"
IMSE 4675,Six Sigma & Stat Proc Improv,Six Sigma & Stat Proc Improv,Review of graphical methods  probability theory and statistics (stem-and-leaf plots  histograms  sca,Chehade  Abdallah,Thursday,30,Indust & Manufac Sys Engin,Full 2020,FALSE,"<ul><li>Course: 577</li><li>Section: 001</li><li>Hours: 3</li><li>CRN: 20957</li><li>Term: W 2020</li><li>Instructor: Sang-Hwan; Kim</li><li>Meeting Time: TH 6:00-8:45 PM</li><li>Status: Open</li><li>Prerequisites?: No</li></ul>"
IMSE 5655,Supply Chain Management,Supply Chain Management,This course will address theories  concepts  models  methodologies and techniques for managing a sup,Chen  Xi,Friday,30,Indust & Manufac Sys Engin,Full 2020,FALSE,"<ul><li>Course: 577</li><li>Section: 001</li><li>Hours: 3</li><li>CRN: 20957</li><li>Term: W 2020</li><li>Instructor: Sang-Hwan; Kim</li><li>Meeting Time: TH 6:00-8:45 PM</li><li>Status: Open</li><li>Prerequisites?: No</li></ul>"
DSCI 632,System Simulation,System Simulation,In this course students will learn how to design  model  and implement discrete-event computer simul,Williams  Edward,Monday,30,Decision Sciences,Full 2020,FALSE,"<ul><li>Course: 577</li><li>Section: 001</li><li>Hours: 3</li><li>CRN: 20957</li><li>Term: W 2020</li><li>Instructor: Sang-Hwan; Kim</li><li>Meeting Time: TH 6:00-8:45 PM</li><li>Status: Open</li><li>Prerequisites?: No</li></ul>"
IMSE 561,Tot Qual Mgmt and Six Sigma,Tot Qual Mgmt and Six Sigma,This course covers implementing Total Quality Management (TQM)  undertaking Six Sigma Projects  and,Khalaf  Faisal,Tuesday,30,Indust & Manufac Sys Engin,Full 2020,FALSE,"<ul><li>Course: 577</li><li>Section: 001</li><li>Hours: 3</li><li>CRN: 20957</li><li>Term: W 2020</li><li>Instructor: Sang-Hwan; Kim</li><li>Meeting Time: TH 6:00-8:45 PM</li><li>Status: Open</li><li>Prerequisites?: No</li></ul>"
IMSE 561,Tot Qual Mgmt and Six Sigma,Tot Qual Mgmt and Six Sigma,This course covers implementing Total Quality Management (TQM)  undertaking Six Sigma Projects  and,Chen  Yubao,Wednesday,30,Indust & Manufac Sys Engin,Full 2020,FALSE,"<ul><li>Course: 577</li><li>Section: 001</li><li>Hours: 3</li><li>CRN: 20957</li><li>Term: W 2020</li><li>Instructor: Sang-Hwan; Kim</li><li>Meeting Time: TH 6:00-8:45 PM</li><li>Status: Open</li><li>Prerequisites?: No</li></ul>"